{
    "name":"OT Translate Commands",
    "id":"ot-translate-cmds",
    "version":"1.0.0",
    "startFile":"index.ts",

    "enabled":true,
    "priority":0,
    "events":[],

    "npmDependencies":[],
    "requiredPlugins":[],
    "incompatiblePlugins":[],

    "details":{
        "author":"guillee.3",
        "shortDescription":"Translates OpenTicket command names.",
        "longDescription":"This plugin translates OpenTicket command names and descriptions to the user's language settings in the Discord application. Translations are appreciated. Please, read the README file if you want to modify or add any translation.",
        "imageUrl":"",
        "projectUrl":"",
        "tags":["command","translate","languages"]
    }
}