{
    "name":"OT Volume Warning",
    "id":"ot-volume-warning",
    "version":"1.0.1",
    "startFile":"index.ts",

    "enabled":true,
    "priority":0,
    "events":[],

    "npmDependencies":[],
    "requiredPlugins":[],
    "incompatiblePlugins":[],

    "details":{
        "author":"guillee.3",
        "shortDescription":"Alerts ticket creators when too many tickets are open, indicating possible response delays.",
        "longDescription":"This plugin detects high ticket volumes and notifies users about potential response delays, ensuring transparency and better communication.",
        "imageUrl":"",
        "projectUrl":"",
        "tags":["volume","ticket","delay","response-time","warning"]
    }
}